{"MMCA": [60.17999064983637, 59.12809724170173, 53.681626928471246, 44.56521739130435, 59.093034128097244, 57.7606358111267, 15.042075736325385, 58.906030855539974, 57.57363253856943, 57.45675549322113, 59.32678821879383, 59.3969144460028, 59.467040673211784, 57.421692379616644, 62.66947171575502, 60.82281439925199, 60.75268817204301, 58.61383824216924, 59.198223468910705, 36.85133239831697, 58.67227676484338, 45.05610098176718, 48.0481533426835, 64.11874707807387, 50.07012622720897, 60.99812996727443, 58.74240299205236, 49.380551659654046, 61.11500701262272, 60.93969144460028, 62.58765778401122, 57.608695652173914, 61.69939223936419, 58.47358578775128, 58.28658251519401, 58.73071528751753, 34.61898083216456, 50.36231884057971, 60.682561944834035, 58.18139317438055, 59.95792426367461, 58.02945301542777, 59.735857877512856, 60.37868162692847, 58.625525946704066, 58.520336605890606, 59.373539036933145, 57.80738662926601, 42.227676484338474, 52.30247779336138, 58.719027582982704, 58.05282842449743, 46.62225338943431, 61.605890603085555, 58.146330060776066, 62.085086489013555, 55.02571294997662, 61.056568489948575, 62.529219261337076, 58.812529219261336, 58.54371201496026, 21.34174848059841, 59.642356241234225, 58.19308087891538, 60.82281439925199, 61.73445535296867, 65.18232819074333, 52.05703599812997, 60.61243571762506, 58.719027582982704, 59.40860215053763, 58.57877512856475, 60.82281439925199, 61.62926601215521, 47.44039270687237, 58.69565217391305, 63.943431510051425, 51.68302945301543, 56.75549322113137, 57.900888265544644, 57.63207106124357, 60.296867695184666, 50.77138849929874, 48.655913978494624, 58.9177185600748, 66.05890603085554, 58.76577840112202, 54.58158017765311, 54.82702197288452, 54.58158017765311, 56.91912108461898, 52.50116877045348, 29.55820476858345, 57.37494156147733, 46.94950911640954, 60.36699392239364, 48.36372136512389, 59.9111734455353, 59.63066853669939, 62.24871435250117, 64.15381019167836, 58.67227676484338, 56.82561944834035], "ISSC": [15.264142122487144, 5.48153342683497, 42.51986909770921, 58.20476858345021, 42.89387564282375, 51.68302945301543, 63.30060776063581, 63.288920056100984, 68.93408134642357, 63.70967741935484, 73.10659186535764, 71.36512388966807, 74.06498363721366, 68.01075268817205, 72.70920991117345, 76.23889668069191, 75.94670406732118, 77.76998597475456, 77.65310892940626, 79.71014492753623, 78.69331463300608, 77.87517531556803, 81.38148667601683, 80.30621785881253, 80.06077606358112, 80.91397849462365, 83.78915381019168, 79.9789621318373, 82.33987844787283, 81.55680224403928, 84.22159887798037, 83.14633006077607, 81.98924731182795, 83.66058906030855, 83.46189808321645, 85.79943899018232, 84.17484805984105, 86.24357176250584, 83.57877512856474, 85.61243571762506, 86.87470780738663, 87.20196353436185, 88.46423562412342, 88.26554464703132, 89.48106591865357, 89.83169705469845, 88.52267414679757, 88.09022907900888, 89.38756428237494, 89.84338475923329, 89.15381019167836, 89.8901355773726, 88.8499298737728, 90.7199625993455, 89.8901355773726, 89.27068723702665, 90.19401589527817, 90.07713884992988, 89.46937821411875, 90.91865357643759, 90.3225806451613, 90.75502571294997, 91.60822814399252, 91.15240766713417, 90.25245441795231, 91.69004207573633, 91.40953716690042, 91.54978962131837, 90.36933146330061, 91.83029453015428, 92.11079943899018, 91.65497896213184, 92.11079943899018, 91.33941093969145, 92.49649368863955, 91.85366993922393, 92.62505843852267, 92.5549322113137, 91.90042075736325, 92.63674614305751, 91.87704534829359, 92.81206171107995, 92.54324450677886, 93.73539036933147, 92.47311827956989, 93.20944366526415, 92.26273959794297, 93.32632071061244, 93.09256661991584, 93.26788218793828, 93.16269284712483, 93.38475923328659, 93.4315100514259, 92.9523141654979, 92.99906498363721, 94.13277232351567, 93.84057971014492, 93.51332398316971, 93.73539036933147, 93.32632071061244, 93.1159420289855, 93.84057971014492, 93.64188873305282], "LP": [3.7400654511453952, 15.603085553997195, 43.688639551192146, 46.049555867227674, 59.63066853669939, 61.30201028517999, 60.35530621785881, 57.09443665264142, 66.25759700794764, 64.6096306685367, 69.46002805049088, 74.11173445535297, 66.71341748480599, 68.89901823281907, 73.51566152407668, 75.86489013557737, 76.12201963534362, 75.97007947639084, 80.22440392706872, 79.85039738195418, 78.16736792893876, 80.3763440860215, 81.61524076671341, 82.37494156147733, 80.69191210846189, 79.07900888265544, 82.78401122019635, 82.74894810659187, 84.61898083216457, 84.57223001402525, 84.5137914913511, 84.42028985507247, 82.97101449275362, 85.3085553997195, 83.81252921926134, 86.02150537634408, 87.98503973819543, 84.50210378681626, 87.30715287517532, 89.4109396914446, 89.2122487143525, 89.07199625993455, 89.73819541841982, 89.67975689574567, 89.96026180458158, 90.34595605423095, 90.50958391771856, 90.80177653108929, 91.21084618980832, 91.52641421224871, 90.91865357643759, 90.38101916783543, 90.95371669004207, 91.44460028050491, 91.17578307620383, 91.73679289387564, 90.67321178120618, 91.30434782608695, 91.15240766713417, 92.3562412342216, 91.23422159887798, 92.18092566619916, 91.64329125759701, 91.90042075736325, 91.45628798503974, 91.22253389434316, 91.9588592800374, 92.46143057503507, 92.08742402992053, 92.3562412342216, 92.46143057503507, 92.53155680224404, 92.21598877980365, 92.47311827956989, 92.69518466573165, 92.76531089294063, 92.97568957456755, 92.48480598410472, 91.9588592800374, 92.33286582515194, 91.87704534829359, 93.20944366526415, 92.30949041608228, 92.54324450677886, 93.20944366526415, 93.27956989247312, 93.20944366526415, 92.89387564282374, 92.88218793828892, 93.32632071061244, 93.26788218793828, 92.92893875642824, 93.18606825619449, 93.52501168770453, 93.05750350631136, 92.77699859747545, 93.84057971014492, 93.3496961196821, 94.07433380084152, 93.18606825619449, 93.0341280972417, 93.46657316503038, 93.53669939223937], "WALUMI": [46.84431977559607, 7.11781206171108, 54.254324450677885, 56.26460963066854, 59.9929873772791, 62.914913510986445, 65.82515194015895, 67.40299205236091, 66.38616175783076, 70.31323048153342, 74.77793361383824, 72.72089761570828, 75.04675081813932, 74.1234221598878, 75.58438522674147, 77.30247779336139, 75.57269752220664, 77.40766713417484, 78.13230481533427, 77.29079008882655, 75.95839177185601, 80.45815801776531, 79.51145395044414, 79.6166432912576, 81.51005142589996, 82.03599812996727, 79.52314165497896, 82.70219728845255, 81.18279569892474, 84.36185133239832, 82.807386629266, 83.2047685834502, 84.73585787751286, 86.23188405797102, 86.99158485273492, 86.1851332398317, 85.33193080878915, 86.3487611033193, 86.12669471715755, 87.64609630668537, 88.03179055633474, 88.218793828892, 87.79803646563815, 88.51098644226273, 88.72136512388967, 88.67461430575035, 89.04862085086489, 89.56287985039738, 90.06545114539504, 90.91865357643759, 89.82000935016363, 91.37447405329593, 91.44460028050491, 91.30434782608695, 90.41608228143993, 90.60308555399719, 91.39784946236558, 90.90696587190276, 92.14586255259466, 90.8835904628331, 91.38616175783076, 91.42122487143526, 91.58485273492286, 92.7185600748013, 91.31603553062179, 92.57830762038336, 91.49135109864423, 92.89387564282374, 92.81206171107995, 92.28611500701263, 92.77699859747545, 92.21598877980365, 92.81206171107995, 92.25105189340813, 93.04581580177653, 92.9172510518934, 92.21598877980365, 93.3146330060776, 93.3146330060776, 92.56661991584853, 92.27442730247779, 93.20944366526415, 93.22113136979897, 92.84712482468443, 93.13931743805517, 93.65357643758766, 92.70687237026648, 92.9172510518934, 93.29125759700794, 93.32632071061244, 93.4315100514259, 93.40813464235625, 94.00420757363254, 93.87564282374942, 93.08087891538102, 93.40813464235625, 93.77045348293595, 93.8288920056101, 93.26788218793828, 93.57176250584385, 94.08602150537635, 93.41982234689107, 94.41327723235156],